,category,mean_size
1,Documentary,7664.97591275251
2,Music,4013.2417826087
3,Product Design,20121.6812168885
